{"cameraMode":{"drawMode":0,"name":"Shaded","section":"Shading Mode"},"sceneLighting":false,"audioPlay":false,"sceneViewState":{"showFog":true,"showMaterialUpdate":false,"showSkybox":false,"showFlares":true,"showImageEffects":true,"showParticleSystems":true},"in2DMode":false,"pivot":{"x":-179.8631591796875,"y":30.082483291625978,"z":45.658203125},"rotation":{"x":-0.03567604348063469,"y":-0.5791618824005127,"z":0.025404268875718118,"w":-0.8140923380851746},"size":11.698395729064942,"orthographic":false}